irtiza,22-04-24,20:04:30
irtiza,22-04-24,20:04:33
irtiza,22-04-24,20:07:10
mateen,22-04-24,20:08:40
irtiza,22-04-24,20:11:34
irtiza,22-04-24,20:11:44
irtiza,22-04-24,20:13:03
irtiza,22-04-24,20:13:11
irtiza,22-04-24,20:15:50
irtiza,22-04-24,20:27:19
irtiza,22-04-24,23:03:41
irtiza,23-04-24,10:23:09
irtiza,23-04-24,10:34:32
irtiza,23-04-24,11:32:34
irtiza,23-04-24,11:33:03
irtiza,23-04-24,11:33:16
irtiza,23-04-24,11:40:28
irtiza,23-04-24,11:41:35
irtiza,23-04-24,11:41:37
irtiza,23-04-24,12:10:24
irtiza,23-04-24,12:29:09
irtiza,23-04-24,12:29:24
irtiza,23-04-24,12:34:46
irtiza,23-04-24,13:07:12
irtiza,23-04-24,13:28:41
irtiza,23-04-24,13:36:04
irtiza,23-04-24,16:15:32
irtiza,23-04-24,16:15:35
irtiza,23-04-24,16:34:55
mateen,23-04-24,16:37:10
irtiza,23-04-24,17:11:31
irtiza,23-04-24,17:14:01
irtiza,23-04-24,17:14:09
irtiza,23-04-24,17:41:16
irtiza,23-04-24,17:42:37
irtiza,23-04-24,17:42:44
irtiza,23-04-24,17:47:28
irtiza,23-04-24,17:47:42
irtiza,23-04-24,17:49:09
irtiza,23-04-24,18:22:43
irtiza,23-04-24,18:30:31
irtiza,23-04-24,18:32:59
irtiza,23-04-24,18:33:10
irtiza,23-04-24,18:39:04
irtiza,23-04-24,18:43:21
irtiza,23-04-24,18:46:54
irtiza,24-04-24,11:15:48
irtiza,24-04-24,13:31:57
